instance,z_cost,t_cost,z_ratio,t_ratio,z_simple,t_simple,z_deep,t_deep
didactic.dat,30,0.602858,30,0.3270369,30,0.5293689,30,0.0840949
pb_100rnd0100.dat,322,9.17e-5,342,0.002751,343,0.026434,343,0.0291608
pb_100rnd0300.dat,144,5.3e-5,193,0.0002665,194,0.0063433,194,0.0119213
pb_100rnd0500.dat,623,3.3e-5,621,4.32e-5,626,0.0366405,626,0.0327984
pb_200rnd0100.dat,348,0.0002791,351,0.0017626,358,0.072795,365,0.1821673
pb_200rnd0900.dat,1267,8.81e-5,1279,0.0001445,1313,0.2218607,1313,0.3841625
pb_200rnd1700.dat,202,0.0001304,217,0.0009777,218,0.0251175,223,0.0661351
pb_500rnd0100.dat,241,0.0008039,285,0.0104628,285,0.0847024,285,0.0685572
pb_500rnd0500.dat,96,0.0006443,84,0.0116746,84,0.0414112,84,0.0331593
pb_1000rnd0100.dat,50,0.001231,49,0.053064,49,0.106132,49,0.1043519
pb_2000rnd0100.dat,40,0.0024315,37,0.1951219,37,0.2872007,37,0.2543619
